,Name,Type,Build,Dir,minArea,maxArea,representativeArea,floorAreaRatio,minDeal,maxDeal,medianDeal,minLease,maxLease,medianLease,minDealUnit,maxDealUnit,medianDealUnit,minLeaseUnit,maxLeaseUnit,medianLeaseUnit,Lat,Lon,BUS,METRO,INFANT,PRESCHOOL,SCHOOLPOI,HOSPITAL,PARKING,MART,CONVENIENCE,WASHING,BANK,OFFICE,sector
0,현대빌라트,아파트,199608,EE,203.03,203.03,203.0,237,580000,620000,600000,0,0,,9445,10096,9771,0,0,,37.530497,127.027349,3,1,2,0,25,0,13,0,0,3,34,11,신사동
1,현대썬앤빌(도시형),아파트,201502,EE,27.74,27.74,27.0,799,0,0,,22000,25000,24000,0,0,,2694,3061,2938,37.52112,127.031368,10,0,9,1,25,0,42,1,8,11,45,11,신사동
2,금광아크존(주상복합),아파트,200409,EE,86.38,86.38,86.0,279,140000,145000,140000,0,0,,5382,5574,5382,0,0,,37.526553,127.034579,10,0,5,0,25,0,27,0,6,4,39,11,신사동
3,현대썬앤빌,오피스텔,201502,EE,33.12,35.21,33.0,799,0,0,,23000,28000,26000,0,0,,2304,2805,2605,37.521102,127.031357,10,0,9,1,25,0,42,1,8,11,45,11,신사동
4,신반포16차,아파트,198301,EE,57.58,91.49,57.0,0,189000,270000,205000,39000,70000,43000,9808,15659,11889,2107,2900,2494,37.517509,127.00991,2,0,3,0,12,0,1,0,0,2,4,2,신사동
5,미주파스텔,아파트,200207,EE,70.91,104.68,104.0,324,180000,260000,260000,80000,112000,112000,7728,9445,8264,3338,4594,3560,37.517302,127.011022,4,0,3,0,14,0,1,0,0,2,5,2,신사동
6,미성2차,아파트,198712,EE,95.27,163.56,95.0,0,300000,550000,320000,79000,200000,95000,9025,11831,11135,2749,4056,3306,37.523985,127.019316,5,0,6,1,25,0,17,1,3,8,27,11,신사동
7,미성1차,아파트,198211,EE,111.97,193.03,163.0,93,380000,600000,550000,99000,230000,180000,9934,11763,11154,2948,4056,3651,37.525563,127.020506,6,0,4,1,25,0,20,2,2,8,30,11,신사동
8,토미,아파트,200403,EE,99.95,99.95,99.0,249,130000,130000,130000,0,0,,4341,4341,4341,0,0,,37.522252,127.029871,12,1,9,1,25,0,51,2,13,13,47,11,신사동
9,신사씨티빌,아파트,200201,EE,70.85,70.85,70.0,298,90000,90000,90000,0,0,,4250,4250,4250,0,0,,37.521059,127.020693,9,0,7,1,25,0,37,3,7,13,29,11,신사동
10,압구정아인빌,아파트,200705,EE,104.58,104.58,104.0,243,160000,180000,160000,0,0,,5086,5722,5086,0,0,,37.521481,127.029248,13,0,8,1,25,0,40,2,10,20,45,11,신사동
11,현대14차,아파트,198704,EE,96.49,99.48,99.0,194,420000,450000,440000,100000,120000,120000,14025,15496,14692,3339,4132,4007,37.530769,127.026253,2,0,1,0,25,0,8,0,0,3,34,11,신사동
12,잠원현대,아파트,199304,EE,103.77,103.77,103.0,299,225000,252000,245000,105000,120000,110000,7221,8088,7863,3370,3851,3530,37.51867,127.012904,4,0,3,0,21,0,4,0,1,3,6,8,신사동
13,"신현대(현대9,11,12차)",아파트,198205,EE,114.08,202.05,202.0,0,400000,700000,690000,89000,250000,240000,11292,11691,11292,2521,4091,3928,37.52811,127.024501,6,1,2,1,25,0,25,0,0,4,34,11,신사동
14,롯데캐슬갤럭시2차,아파트,200404,EE,128.98,168.28,153.0,299,300000,340000,340000,150000,200000,190000,6592,8713,7346,3241,4649,4105,37.518663,127.016434,7,0,4,0,24,0,16,1,2,6,10,10,신사동
15,래미안신반포리오센트,아파트,201906,EE,85.91,172.8,172.0,299,248000,440000,410000,200000,230000,,7592,10890,7880,5158,5800,,37.518478,127.013762,5,0,3,0,21,0,5,0,1,3,7,9,신사동
16,현대맨션,아파트,198012,EE,159.5,213.92,213.0,0,400000,550000,550000,0,0,,8316,9000,8536,0,0,,37.525034,127.029564,14,1,9,1,25,0,50,1,15,12,44,11,신사동
17,한양,아파트,200309,EE,82.32,82.32,82.0,221,120000,120000,120000,0,0,,4838,4838,4838,0,0,,37.52194,127.025905,14,0,7,1,25,0,51,2,9,17,44,11,신사동
18,현대아인빌,아파트,200403,EE,143.09,143.09,143.0,283,0,0,,110000,120000,110000,0,0,,2543,2774,2543,37.523727,127.026277,9,1,7,1,25,0,49,1,9,16,45,11,신사동
19,신성,아파트,199610,EE,72.11,72.11,72.0,195,170000,170000,170000,0,0,,7805,7805,7805,0,0,,37.526377,127.031877,14,1,6,0,25,0,44,0,10,7,41,11,신사동
20,진흥아마란스,아파트,200503,EE,197.77,197.77,197.0,294,280000,280000,280000,0,0,,4699,4699,4699,0,0,,37.523703,127.031052,13,1,10,1,25,0,57,1,10,9,44,11,신사동
21,현대13차,아파트,198407,EE,116.03,119.5,119.0,150,450000,460000,450000,90000,125000,100000,12501,13109,12501,2565,3562,2778,37.529279,127.027751,6,1,3,1,25,0,27,0,0,4,38,11,신사동
22,루덴하우스,아파트,200704,EE,102.33,102.33,102.0,222,0,0,,80000,80000,80000,0,0,,2593,2593,2593,37.521553,127.021599,9,0,7,1,25,0,38,3,7,17,31,11,신사동
23,한양6차,아파트,198012,EE,115.1,168.7,115.0,0,390000,590000,400000,84000,200000,90000,11211,11786,11498,2415,3935,2587,37.530082,127.036445,5,0,2,0,25,0,15,0,3,3,25,11,신사동
24,잠원상지리츠빌카일룸,아파트,200901,EE,204.64,204.64,204.0,229,550000,750000,675000,370000,370000,370000,8913,12154,10938,5996,5996,5996,37.522093,127.016049,7,0,5,1,25,0,12,1,1,6,15,11,신사동
25,압구정하이츠파크,아파트,200404,EE,270.55,270.55,270.0,297,600000,600000,600000,0,0,,7346,7346,7346,0,0,,37.523842,127.033697,10,0,7,0,25,0,38,0,3,5,43,11,신사동
26,강변,아파트,198707,EE,89.35,101.08,101.0,243,220000,270000,255000,65000,120000,110000,8117,8837,8346,2414,3928,3600,37.517893,127.012699,4,0,3,0,15,0,4,0,0,3,6,8,신사동
27,크레신타워,오피스텔,200402,EE,54.75,63.64,54.0,876,30500,35000,30900,20000,20000,20000,1784,1898,1892,1224,1224,1224,37.518229,127.018453,8,0,6,0,25,0,25,1,4,6,12,11,신사동
28,"현대6,7차",아파트,197809,EE,156.13,264.87,156.0,210,510000,800000,520000,145000,400000,175000,10695,12715,11019,2820,5458,3708,37.530219,127.028999,7,1,2,0,25,0,24,0,0,4,34,11,신사동
29,청학,아파트,197612,EE,87.15,99.65,87.0,220,230000,300000,250000,55000,59000,55000,7680,10018,9499,2090,2242,2090,37.520645,127.032822,10,0,7,0,25,0,32,0,8,8,43,11,신사동
30,잠원빌라트,아파트,199609,EE,261.23,261.23,261.0,241,0,0,,220000,220000,220000,0,0,,2786,2786,2786,37.518621,127.0114,4,0,3,0,14,0,1,0,0,3,5,2,신사동
31,세양에이팩스타워,오피스텔,200308,EE,48.89,60.96,48.0,880,30000,32000,30000,22000,22000,22000,1763,2066,2066,1515,1515,1515,37.518481,127.02604,7,0,6,1,25,0,29,2,10,15,35,11,신사동
32,강남상가아파트(주상복합),아파트,197411,EE,63.31,130.61,63.0,387,74000,150000,74500,33000,40000,34000,3814,4671,3909,1678,2034,1784,37.51879,127.02054,9,0,6,1,25,0,34,1,8,9,22,11,신사동
33,롯데캐슬갤럭시1차,아파트,200207,EE,140.41,171.98,140.0,312,310000,315000,315000,180000,185000,,7320,7438,7438,3480,3576,,37.520366,127.016502,9,0,5,1,25,0,17,1,3,6,11,11,신사동
34,장자울,아파트,200403,EE,106.23,106.23,106.0,280,170000,170000,170000,0,0,,5302,5302,5302,0,0,,37.522518,127.029732,13,1,9,1,25,0,50,2,13,14,47,11,신사동
35,압구정KCC,아파트,200408,EE,127.36,127.36,127.0,249,280000,280000,280000,0,0,,7288,7288,7288,0,0,,37.526148,127.03248,15,1,6,0,25,0,43,0,9,5,42,11,신사동
36,대림빌라트,아파트,199810,EE,209.6,209.6,209.0,251,0,0,,260000,300000,260000,0,0,,4112,4745,4112,37.530862,127.027124,3,0,1,0,25,0,9,0,0,3,34,11,신사동
37,논현힐스빌6차,아파트,200308,EE,231.14,231.14,231.0,149,300000,340000,300000,0,0,,4293,4866,4293,0,0,,37.517497,127.027543,7,0,5,1,25,0,22,1,6,12,29,11,신사동
38,래미안신사,아파트,200810,EE,113.06,113.06,113.0,206,220000,250000,235000,130000,160000,135000,6436,7314,6875,3803,4681,3949,37.520214,127.019841,9,0,7,1,25,0,37,1,8,11,24,11,신사동
39,잠원훼미리,아파트,199211,EE,102.47,103.17,102.0,0,235000,250000,250000,75000,90000,78000,7542,8102,8102,2431,2917,2528,37.5192,127.01462,7,0,3,0,22,0,8,0,2,3,9,10,신사동
40,한강,아파트,198906,EE,94.84,103.75,103.0,240,248000,300000,265000,75000,120000,95000,8024,9629,8505,2407,3851,3049,37.521491,127.015231,6,0,4,0,25,0,11,0,2,4,11,11,신사동
41,현대빌라트,아파트,199608,ES,203.03,203.03,203.0,237,580000,620000,600000,0,0,,9445,10096,9771,0,0,,37.530497,127.027349,3,1,2,0,25,0,13,0,0,3,34,11,신사동
42,현대썬앤빌(도시형),아파트,201502,ES,27.74,27.74,27.0,799,0,0,,22000,25000,24000,0,0,,2694,3061,2938,37.52112,127.031368,10,0,9,1,25,0,42,1,8,11,45,11,신사동
43,금광아크존(주상복합),아파트,200409,ES,86.38,86.38,86.0,279,140000,145000,140000,0,0,,5382,5574,5382,0,0,,37.526553,127.034579,10,0,5,0,25,0,27,0,6,4,39,11,신사동
44,현대썬앤빌,오피스텔,201502,ES,33.12,35.21,33.0,799,0,0,,23000,28000,26000,0,0,,2304,2805,2605,37.521102,127.031357,10,0,9,1,25,0,42,1,8,11,45,11,신사동
45,신반포16차,아파트,198301,ES,57.58,91.49,57.0,0,189000,270000,205000,39000,70000,43000,9808,15659,11889,2107,2900,2494,37.517509,127.00991,2,0,3,0,12,0,1,0,0,2,4,2,신사동
46,미주파스텔,아파트,200207,ES,70.91,104.68,104.0,324,180000,260000,260000,80000,112000,112000,7728,9445,8264,3338,4594,3560,37.517302,127.011022,4,0,3,0,14,0,1,0,0,2,5,2,신사동
47,미성2차,아파트,198712,ES,95.27,163.56,95.0,0,300000,550000,320000,79000,200000,95000,9025,11831,11135,2749,4056,3306,37.523985,127.019316,5,0,6,1,25,0,17,1,3,8,27,11,신사동
48,미성1차,아파트,198211,ES,111.97,193.03,163.0,93,380000,600000,550000,99000,230000,180000,9934,11763,11154,2948,4056,3651,37.525563,127.020506,6,0,4,1,25,0,20,2,2,8,30,11,신사동
49,토미,아파트,200403,ES,99.95,99.95,99.0,249,130000,130000,130000,0,0,,4341,4341,4341,0,0,,37.522252,127.029871,12,1,9,1,25,0,51,2,13,13,47,11,신사동
50,신사씨티빌,아파트,200201,ES,70.85,70.85,70.0,298,90000,90000,90000,0,0,,4250,4250,4250,0,0,,37.521059,127.020693,9,0,7,1,25,0,37,3,7,13,29,11,신사동
51,압구정아인빌,아파트,200705,ES,104.58,104.58,104.0,243,160000,180000,160000,0,0,,5086,5722,5086,0,0,,37.521481,127.029248,13,0,8,1,25,0,40,2,10,20,45,11,신사동
52,현대14차,아파트,198704,ES,96.49,99.48,99.0,194,420000,450000,440000,100000,120000,120000,14025,15496,14692,3339,4132,4007,37.530769,127.026253,2,0,1,0,25,0,8,0,0,3,34,11,신사동
53,잠원현대,아파트,199304,ES,103.77,103.77,103.0,299,225000,252000,245000,105000,120000,110000,7221,8088,7863,3370,3851,3530,37.51867,127.012904,4,0,3,0,21,0,4,0,1,3,6,8,신사동
54,"신현대(현대9,11,12차)",아파트,198205,ES,114.08,202.05,202.0,0,400000,700000,690000,89000,250000,240000,11292,11691,11292,2521,4091,3928,37.52811,127.024501,6,1,2,1,25,0,25,0,0,4,34,11,신사동
55,롯데캐슬갤럭시2차,아파트,200404,ES,128.98,168.28,153.0,299,300000,340000,340000,150000,200000,190000,6592,8713,7346,3241,4649,4105,37.518663,127.016434,7,0,4,0,24,0,16,1,2,6,10,10,신사동
56,래미안신반포리오센트,아파트,201906,ES,85.91,172.8,172.0,299,248000,440000,410000,200000,230000,,7592,10890,7880,5158,5800,,37.518478,127.013762,5,0,3,0,21,0,5,0,1,3,7,9,신사동
57,현대맨션,아파트,198012,ES,159.5,213.92,213.0,0,400000,550000,550000,0,0,,8316,9000,8536,0,0,,37.525034,127.029564,14,1,9,1,25,0,50,1,15,12,44,11,신사동
58,한양,아파트,200309,ES,82.32,82.32,82.0,221,120000,120000,120000,0,0,,4838,4838,4838,0,0,,37.52194,127.025905,14,0,7,1,25,0,51,2,9,17,44,11,신사동
59,현대아인빌,아파트,200403,ES,143.09,143.09,143.0,283,0,0,,110000,120000,110000,0,0,,2543,2774,2543,37.523727,127.026277,9,1,7,1,25,0,49,1,9,16,45,11,신사동
60,신성,아파트,199610,ES,72.11,72.11,72.0,195,170000,170000,170000,0,0,,7805,7805,7805,0,0,,37.526377,127.031877,14,1,6,0,25,0,44,0,10,7,41,11,신사동
61,진흥아마란스,아파트,200503,ES,197.77,197.77,197.0,294,280000,280000,280000,0,0,,4699,4699,4699,0,0,,37.523703,127.031052,13,1,10,1,25,0,57,1,10,9,44,11,신사동
62,현대13차,아파트,198407,ES,116.03,119.5,119.0,150,450000,460000,450000,90000,125000,100000,12501,13109,12501,2565,3562,2778,37.529279,127.027751,6,1,3,1,25,0,27,0,0,4,38,11,신사동
63,루덴하우스,아파트,200704,ES,102.33,102.33,102.0,222,0,0,,80000,80000,80000,0,0,,2593,2593,2593,37.521553,127.021599,9,0,7,1,25,0,38,3,7,17,31,11,신사동
64,한양6차,아파트,198012,ES,115.1,168.7,115.0,0,390000,590000,400000,84000,200000,90000,11211,11786,11498,2415,3935,2587,37.530082,127.036445,5,0,2,0,25,0,15,0,3,3,25,11,신사동
65,잠원상지리츠빌카일룸,아파트,200901,ES,204.64,204.64,204.0,229,550000,750000,675000,370000,370000,370000,8913,12154,10938,5996,5996,5996,37.522093,127.016049,7,0,5,1,25,0,12,1,1,6,15,11,신사동
66,압구정하이츠파크,아파트,200404,ES,270.55,270.55,270.0,297,600000,600000,600000,0,0,,7346,7346,7346,0,0,,37.523842,127.033697,10,0,7,0,25,0,38,0,3,5,43,11,신사동
67,강변,아파트,198707,ES,89.35,101.08,101.0,243,220000,270000,255000,65000,120000,110000,8117,8837,8346,2414,3928,3600,37.517893,127.012699,4,0,3,0,15,0,4,0,0,3,6,8,신사동
68,크레신타워,오피스텔,200402,ES,54.75,63.64,54.0,876,30500,35000,30900,20000,20000,20000,1784,1898,1892,1224,1224,1224,37.518229,127.018453,8,0,6,0,25,0,25,1,4,6,12,11,신사동
69,"현대6,7차",아파트,197809,ES,156.13,264.87,156.0,210,510000,800000,520000,145000,400000,175000,10695,12715,11019,2820,5458,3708,37.530219,127.028999,7,1,2,0,25,0,24,0,0,4,34,11,신사동
70,청학,아파트,197612,ES,87.15,99.65,87.0,220,230000,300000,250000,55000,59000,55000,7680,10018,9499,2090,2242,2090,37.520645,127.032822,10,0,7,0,25,0,32,0,8,8,43,11,신사동
71,잠원빌라트,아파트,199609,ES,261.23,261.23,261.0,241,0,0,,220000,220000,220000,0,0,,2786,2786,2786,37.518621,127.0114,4,0,3,0,14,0,1,0,0,3,5,2,신사동
72,세양에이팩스타워,오피스텔,200308,ES,48.89,60.96,48.0,880,30000,32000,30000,22000,22000,22000,1763,2066,2066,1515,1515,1515,37.518481,127.02604,7,0,6,1,25,0,29,2,10,15,35,11,신사동
73,강남상가아파트(주상복합),아파트,197411,ES,63.31,130.61,63.0,387,74000,150000,74500,33000,40000,34000,3814,4671,3909,1678,2034,1784,37.51879,127.02054,9,0,6,1,25,0,34,1,8,9,22,11,신사동
74,롯데캐슬갤럭시1차,아파트,200207,ES,140.41,171.98,140.0,312,310000,315000,315000,180000,185000,,7320,7438,7438,3480,3576,,37.520366,127.016502,9,0,5,1,25,0,17,1,3,6,11,11,신사동
75,장자울,아파트,200403,ES,106.23,106.23,106.0,280,170000,170000,170000,0,0,,5302,5302,5302,0,0,,37.522518,127.029732,13,1,9,1,25,0,50,2,13,14,47,11,신사동
76,압구정KCC,아파트,200408,ES,127.36,127.36,127.0,249,280000,280000,280000,0,0,,7288,7288,7288,0,0,,37.526148,127.03248,15,1,6,0,25,0,43,0,9,5,42,11,신사동
77,대림빌라트,아파트,199810,ES,209.6,209.6,209.0,251,0,0,,260000,300000,260000,0,0,,4112,4745,4112,37.530862,127.027124,3,0,1,0,25,0,9,0,0,3,34,11,신사동
78,논현힐스빌6차,아파트,200308,ES,231.14,231.14,231.0,149,300000,340000,300000,0,0,,4293,4866,4293,0,0,,37.517497,127.027543,7,0,5,1,25,0,22,1,6,12,29,11,신사동
79,래미안신사,아파트,200810,ES,113.06,113.06,113.0,206,220000,250000,235000,130000,160000,135000,6436,7314,6875,3803,4681,3949,37.520214,127.019841,9,0,7,1,25,0,37,1,8,11,24,11,신사동
80,잠원훼미리,아파트,199211,ES,102.47,103.17,102.0,0,235000,250000,250000,75000,90000,78000,7542,8102,8102,2431,2917,2528,37.5192,127.01462,7,0,3,0,22,0,8,0,2,3,9,10,신사동
81,한강,아파트,198906,ES,94.84,103.75,103.0,240,248000,300000,265000,75000,120000,95000,8024,9629,8505,2407,3851,3049,37.521491,127.015231,6,0,4,0,25,0,11,0,2,4,11,11,신사동
82,현대빌라트,아파트,199608,WW,203.03,203.03,203.0,237,580000,620000,600000,0,0,,9445,10096,9771,0,0,,37.530497,127.027349,3,1,2,0,25,0,13,0,0,3,34,11,신사동
83,현대썬앤빌(도시형),아파트,201502,WW,27.74,27.74,27.0,799,0,0,,22000,25000,24000,0,0,,2694,3061,2938,37.52112,127.031368,10,0,9,1,25,0,42,1,8,11,45,11,신사동
84,금광아크존(주상복합),아파트,200409,WW,86.38,86.38,86.0,279,140000,145000,140000,0,0,,5382,5574,5382,0,0,,37.526553,127.034579,10,0,5,0,25,0,27,0,6,4,39,11,신사동
85,현대썬앤빌,오피스텔,201502,WW,33.12,35.21,33.0,799,0,0,,23000,28000,26000,0,0,,2304,2805,2605,37.521102,127.031357,10,0,9,1,25,0,42,1,8,11,45,11,신사동
86,신반포16차,아파트,198301,WW,57.58,91.49,57.0,0,189000,270000,205000,39000,70000,43000,9808,15659,11889,2107,2900,2494,37.517509,127.00991,2,0,3,0,12,0,1,0,0,2,4,2,신사동
87,미주파스텔,아파트,200207,WW,70.91,104.68,104.0,324,180000,260000,260000,80000,112000,112000,7728,9445,8264,3338,4594,3560,37.517302,127.011022,4,0,3,0,14,0,1,0,0,2,5,2,신사동
88,미성2차,아파트,198712,WW,95.27,163.56,95.0,0,300000,550000,320000,79000,200000,95000,9025,11831,11135,2749,4056,3306,37.523985,127.019316,5,0,6,1,25,0,17,1,3,8,27,11,신사동
89,미성1차,아파트,198211,WW,111.97,193.03,163.0,93,380000,600000,550000,99000,230000,180000,9934,11763,11154,2948,4056,3651,37.525563,127.020506,6,0,4,1,25,0,20,2,2,8,30,11,신사동
90,토미,아파트,200403,WW,99.95,99.95,99.0,249,130000,130000,130000,0,0,,4341,4341,4341,0,0,,37.522252,127.029871,12,1,9,1,25,0,51,2,13,13,47,11,신사동
91,신사씨티빌,아파트,200201,WW,70.85,70.85,70.0,298,90000,90000,90000,0,0,,4250,4250,4250,0,0,,37.521059,127.020693,9,0,7,1,25,0,37,3,7,13,29,11,신사동
92,압구정아인빌,아파트,200705,WW,104.58,104.58,104.0,243,160000,180000,160000,0,0,,5086,5722,5086,0,0,,37.521481,127.029248,13,0,8,1,25,0,40,2,10,20,45,11,신사동
93,현대14차,아파트,198704,WW,96.49,99.48,99.0,194,420000,450000,440000,100000,120000,120000,14025,15496,14692,3339,4132,4007,37.530769,127.026253,2,0,1,0,25,0,8,0,0,3,34,11,신사동
94,잠원현대,아파트,199304,WW,103.77,103.77,103.0,299,225000,252000,245000,105000,120000,110000,7221,8088,7863,3370,3851,3530,37.51867,127.012904,4,0,3,0,21,0,4,0,1,3,6,8,신사동
95,"신현대(현대9,11,12차)",아파트,198205,WW,114.08,202.05,202.0,0,400000,700000,690000,89000,250000,240000,11292,11691,11292,2521,4091,3928,37.52811,127.024501,6,1,2,1,25,0,25,0,0,4,34,11,신사동
96,롯데캐슬갤럭시2차,아파트,200404,WW,128.98,168.28,153.0,299,300000,340000,340000,150000,200000,190000,6592,8713,7346,3241,4649,4105,37.518663,127.016434,7,0,4,0,24,0,16,1,2,6,10,10,신사동
97,래미안신반포리오센트,아파트,201906,WW,85.91,172.8,172.0,299,248000,440000,410000,200000,230000,,7592,10890,7880,5158,5800,,37.518478,127.013762,5,0,3,0,21,0,5,0,1,3,7,9,신사동
98,현대맨션,아파트,198012,WW,159.5,213.92,213.0,0,400000,550000,550000,0,0,,8316,9000,8536,0,0,,37.525034,127.029564,14,1,9,1,25,0,50,1,15,12,44,11,신사동
99,한양,아파트,200309,WW,82.32,82.32,82.0,221,120000,120000,120000,0,0,,4838,4838,4838,0,0,,37.52194,127.025905,14,0,7,1,25,0,51,2,9,17,44,11,신사동
100,현대아인빌,아파트,200403,WW,143.09,143.09,143.0,283,0,0,,110000,120000,110000,0,0,,2543,2774,2543,37.523727,127.026277,9,1,7,1,25,0,49,1,9,16,45,11,신사동
101,신성,아파트,199610,WW,72.11,72.11,72.0,195,170000,170000,170000,0,0,,7805,7805,7805,0,0,,37.526377,127.031877,14,1,6,0,25,0,44,0,10,7,41,11,신사동
102,진흥아마란스,아파트,200503,WW,197.77,197.77,197.0,294,280000,280000,280000,0,0,,4699,4699,4699,0,0,,37.523703,127.031052,13,1,10,1,25,0,57,1,10,9,44,11,신사동
103,현대13차,아파트,198407,WW,116.03,119.5,119.0,150,450000,460000,450000,90000,125000,100000,12501,13109,12501,2565,3562,2778,37.529279,127.027751,6,1,3,1,25,0,27,0,0,4,38,11,신사동
104,루덴하우스,아파트,200704,WW,102.33,102.33,102.0,222,0,0,,80000,80000,80000,0,0,,2593,2593,2593,37.521553,127.021599,9,0,7,1,25,0,38,3,7,17,31,11,신사동
105,한양6차,아파트,198012,WW,115.1,168.7,115.0,0,390000,590000,400000,84000,200000,90000,11211,11786,11498,2415,3935,2587,37.530082,127.036445,5,0,2,0,25,0,15,0,3,3,25,11,신사동
106,잠원상지리츠빌카일룸,아파트,200901,WW,204.64,204.64,204.0,229,550000,750000,675000,370000,370000,370000,8913,12154,10938,5996,5996,5996,37.522093,127.016049,7,0,5,1,25,0,12,1,1,6,15,11,신사동
107,압구정하이츠파크,아파트,200404,WW,270.55,270.55,270.0,297,600000,600000,600000,0,0,,7346,7346,7346,0,0,,37.523842,127.033697,10,0,7,0,25,0,38,0,3,5,43,11,신사동
108,강변,아파트,198707,WW,89.35,101.08,101.0,243,220000,270000,255000,65000,120000,110000,8117,8837,8346,2414,3928,3600,37.517893,127.012699,4,0,3,0,15,0,4,0,0,3,6,8,신사동
109,크레신타워,오피스텔,200402,WW,54.75,63.64,54.0,876,30500,35000,30900,20000,20000,20000,1784,1898,1892,1224,1224,1224,37.518229,127.018453,8,0,6,0,25,0,25,1,4,6,12,11,신사동
110,"현대6,7차",아파트,197809,WW,156.13,264.87,156.0,210,510000,800000,520000,145000,400000,175000,10695,12715,11019,2820,5458,3708,37.530219,127.028999,7,1,2,0,25,0,24,0,0,4,34,11,신사동
111,청학,아파트,197612,WW,87.15,99.65,87.0,220,230000,300000,250000,55000,59000,55000,7680,10018,9499,2090,2242,2090,37.520645,127.032822,10,0,7,0,25,0,32,0,8,8,43,11,신사동
112,잠원빌라트,아파트,199609,WW,261.23,261.23,261.0,241,0,0,,220000,220000,220000,0,0,,2786,2786,2786,37.518621,127.0114,4,0,3,0,14,0,1,0,0,3,5,2,신사동
113,세양에이팩스타워,오피스텔,200308,WW,48.89,60.96,48.0,880,30000,32000,30000,22000,22000,22000,1763,2066,2066,1515,1515,1515,37.518481,127.02604,7,0,6,1,25,0,29,2,10,15,35,11,신사동
114,강남상가아파트(주상복합),아파트,197411,WW,63.31,130.61,63.0,387,74000,150000,74500,33000,40000,34000,3814,4671,3909,1678,2034,1784,37.51879,127.02054,9,0,6,1,25,0,34,1,8,9,22,11,신사동
115,롯데캐슬갤럭시1차,아파트,200207,WW,140.41,171.98,140.0,312,310000,315000,315000,180000,185000,,7320,7438,7438,3480,3576,,37.520366,127.016502,9,0,5,1,25,0,17,1,3,6,11,11,신사동
116,장자울,아파트,200403,WW,106.23,106.23,106.0,280,170000,170000,170000,0,0,,5302,5302,5302,0,0,,37.522518,127.029732,13,1,9,1,25,0,50,2,13,14,47,11,신사동
117,압구정KCC,아파트,200408,WW,127.36,127.36,127.0,249,280000,280000,280000,0,0,,7288,7288,7288,0,0,,37.526148,127.03248,15,1,6,0,25,0,43,0,9,5,42,11,신사동
118,대림빌라트,아파트,199810,WW,209.6,209.6,209.0,251,0,0,,260000,300000,260000,0,0,,4112,4745,4112,37.530862,127.027124,3,0,1,0,25,0,9,0,0,3,34,11,신사동
119,논현힐스빌6차,아파트,200308,WW,231.14,231.14,231.0,149,300000,340000,300000,0,0,,4293,4866,4293,0,0,,37.517497,127.027543,7,0,5,1,25,0,22,1,6,12,29,11,신사동
120,래미안신사,아파트,200810,WW,113.06,113.06,113.0,206,220000,250000,235000,130000,160000,135000,6436,7314,6875,3803,4681,3949,37.520214,127.019841,9,0,7,1,25,0,37,1,8,11,24,11,신사동
121,잠원훼미리,아파트,199211,WW,102.47,103.17,102.0,0,235000,250000,250000,75000,90000,78000,7542,8102,8102,2431,2917,2528,37.5192,127.01462,7,0,3,0,22,0,8,0,2,3,9,10,신사동
122,한강,아파트,198906,WW,94.84,103.75,103.0,240,248000,300000,265000,75000,120000,95000,8024,9629,8505,2407,3851,3049,37.521491,127.015231,6,0,4,0,25,0,11,0,2,4,11,11,신사동
123,현대빌라트,아파트,199608,WS,203.03,203.03,203.0,237,580000,620000,600000,0,0,,9445,10096,9771,0,0,,37.530497,127.027349,3,1,2,0,25,0,13,0,0,3,34,11,신사동
124,현대썬앤빌(도시형),아파트,201502,WS,27.74,27.74,27.0,799,0,0,,22000,25000,24000,0,0,,2694,3061,2938,37.52112,127.031368,10,0,9,1,25,0,42,1,8,11,45,11,신사동
125,금광아크존(주상복합),아파트,200409,WS,86.38,86.38,86.0,279,140000,145000,140000,0,0,,5382,5574,5382,0,0,,37.526553,127.034579,10,0,5,0,25,0,27,0,6,4,39,11,신사동
126,현대썬앤빌,오피스텔,201502,WS,33.12,35.21,33.0,799,0,0,,23000,28000,26000,0,0,,2304,2805,2605,37.521102,127.031357,10,0,9,1,25,0,42,1,8,11,45,11,신사동
127,신반포16차,아파트,198301,WS,57.58,91.49,57.0,0,189000,270000,205000,39000,70000,43000,9808,15659,11889,2107,2900,2494,37.517509,127.00991,2,0,3,0,12,0,1,0,0,2,4,2,신사동
128,미주파스텔,아파트,200207,WS,70.91,104.68,104.0,324,180000,260000,260000,80000,112000,112000,7728,9445,8264,3338,4594,3560,37.517302,127.011022,4,0,3,0,14,0,1,0,0,2,5,2,신사동
129,미성2차,아파트,198712,WS,95.27,163.56,95.0,0,300000,550000,320000,79000,200000,95000,9025,11831,11135,2749,4056,3306,37.523985,127.019316,5,0,6,1,25,0,17,1,3,8,27,11,신사동
130,미성1차,아파트,198211,WS,111.97,193.03,163.0,93,380000,600000,550000,99000,230000,180000,9934,11763,11154,2948,4056,3651,37.525563,127.020506,6,0,4,1,25,0,20,2,2,8,30,11,신사동
131,토미,아파트,200403,WS,99.95,99.95,99.0,249,130000,130000,130000,0,0,,4341,4341,4341,0,0,,37.522252,127.029871,12,1,9,1,25,0,51,2,13,13,47,11,신사동
132,신사씨티빌,아파트,200201,WS,70.85,70.85,70.0,298,90000,90000,90000,0,0,,4250,4250,4250,0,0,,37.521059,127.020693,9,0,7,1,25,0,37,3,7,13,29,11,신사동
133,압구정아인빌,아파트,200705,WS,104.58,104.58,104.0,243,160000,180000,160000,0,0,,5086,5722,5086,0,0,,37.521481,127.029248,13,0,8,1,25,0,40,2,10,20,45,11,신사동
134,현대14차,아파트,198704,WS,96.49,99.48,99.0,194,420000,450000,440000,100000,120000,120000,14025,15496,14692,3339,4132,4007,37.530769,127.026253,2,0,1,0,25,0,8,0,0,3,34,11,신사동
135,잠원현대,아파트,199304,WS,103.77,103.77,103.0,299,225000,252000,245000,105000,120000,110000,7221,8088,7863,3370,3851,3530,37.51867,127.012904,4,0,3,0,21,0,4,0,1,3,6,8,신사동
136,"신현대(현대9,11,12차)",아파트,198205,WS,114.08,202.05,202.0,0,400000,700000,690000,89000,250000,240000,11292,11691,11292,2521,4091,3928,37.52811,127.024501,6,1,2,1,25,0,25,0,0,4,34,11,신사동
137,롯데캐슬갤럭시2차,아파트,200404,WS,128.98,168.28,153.0,299,300000,340000,340000,150000,200000,190000,6592,8713,7346,3241,4649,4105,37.518663,127.016434,7,0,4,0,24,0,16,1,2,6,10,10,신사동
138,래미안신반포리오센트,아파트,201906,WS,85.91,172.8,172.0,299,248000,440000,410000,200000,230000,,7592,10890,7880,5158,5800,,37.518478,127.013762,5,0,3,0,21,0,5,0,1,3,7,9,신사동
139,현대맨션,아파트,198012,WS,159.5,213.92,213.0,0,400000,550000,550000,0,0,,8316,9000,8536,0,0,,37.525034,127.029564,14,1,9,1,25,0,50,1,15,12,44,11,신사동
140,한양,아파트,200309,WS,82.32,82.32,82.0,221,120000,120000,120000,0,0,,4838,4838,4838,0,0,,37.52194,127.025905,14,0,7,1,25,0,51,2,9,17,44,11,신사동
141,현대아인빌,아파트,200403,WS,143.09,143.09,143.0,283,0,0,,110000,120000,110000,0,0,,2543,2774,2543,37.523727,127.026277,9,1,7,1,25,0,49,1,9,16,45,11,신사동
142,신성,아파트,199610,WS,72.11,72.11,72.0,195,170000,170000,170000,0,0,,7805,7805,7805,0,0,,37.526377,127.031877,14,1,6,0,25,0,44,0,10,7,41,11,신사동
143,진흥아마란스,아파트,200503,WS,197.77,197.77,197.0,294,280000,280000,280000,0,0,,4699,4699,4699,0,0,,37.523703,127.031052,13,1,10,1,25,0,57,1,10,9,44,11,신사동
144,현대13차,아파트,198407,WS,116.03,119.5,119.0,150,450000,460000,450000,90000,125000,100000,12501,13109,12501,2565,3562,2778,37.529279,127.027751,6,1,3,1,25,0,27,0,0,4,38,11,신사동
145,루덴하우스,아파트,200704,WS,102.33,102.33,102.0,222,0,0,,80000,80000,80000,0,0,,2593,2593,2593,37.521553,127.021599,9,0,7,1,25,0,38,3,7,17,31,11,신사동
146,한양6차,아파트,198012,WS,115.1,168.7,115.0,0,390000,590000,400000,84000,200000,90000,11211,11786,11498,2415,3935,2587,37.530082,127.036445,5,0,2,0,25,0,15,0,3,3,25,11,신사동
147,잠원상지리츠빌카일룸,아파트,200901,WS,204.64,204.64,204.0,229,550000,750000,675000,370000,370000,370000,8913,12154,10938,5996,5996,5996,37.522093,127.016049,7,0,5,1,25,0,12,1,1,6,15,11,신사동
148,압구정하이츠파크,아파트,200404,WS,270.55,270.55,270.0,297,600000,600000,600000,0,0,,7346,7346,7346,0,0,,37.523842,127.033697,10,0,7,0,25,0,38,0,3,5,43,11,신사동
149,강변,아파트,198707,WS,89.35,101.08,101.0,243,220000,270000,255000,65000,120000,110000,8117,8837,8346,2414,3928,3600,37.517893,127.012699,4,0,3,0,15,0,4,0,0,3,6,8,신사동
150,크레신타워,오피스텔,200402,WS,54.75,63.64,54.0,876,30500,35000,30900,20000,20000,20000,1784,1898,1892,1224,1224,1224,37.518229,127.018453,8,0,6,0,25,0,25,1,4,6,12,11,신사동
151,"현대6,7차",아파트,197809,WS,156.13,264.87,156.0,210,510000,800000,520000,145000,400000,175000,10695,12715,11019,2820,5458,3708,37.530219,127.028999,7,1,2,0,25,0,24,0,0,4,34,11,신사동
152,청학,아파트,197612,WS,87.15,99.65,87.0,220,230000,300000,250000,55000,59000,55000,7680,10018,9499,2090,2242,2090,37.520645,127.032822,10,0,7,0,25,0,32,0,8,8,43,11,신사동
153,잠원빌라트,아파트,199609,WS,261.23,261.23,261.0,241,0,0,,220000,220000,220000,0,0,,2786,2786,2786,37.518621,127.0114,4,0,3,0,14,0,1,0,0,3,5,2,신사동
154,세양에이팩스타워,오피스텔,200308,WS,48.89,60.96,48.0,880,30000,32000,30000,22000,22000,22000,1763,2066,2066,1515,1515,1515,37.518481,127.02604,7,0,6,1,25,0,29,2,10,15,35,11,신사동
155,강남상가아파트(주상복합),아파트,197411,WS,63.31,130.61,63.0,387,74000,150000,74500,33000,40000,34000,3814,4671,3909,1678,2034,1784,37.51879,127.02054,9,0,6,1,25,0,34,1,8,9,22,11,신사동
156,롯데캐슬갤럭시1차,아파트,200207,WS,140.41,171.98,140.0,312,310000,315000,315000,180000,185000,,7320,7438,7438,3480,3576,,37.520366,127.016502,9,0,5,1,25,0,17,1,3,6,11,11,신사동
157,장자울,아파트,200403,WS,106.23,106.23,106.0,280,170000,170000,170000,0,0,,5302,5302,5302,0,0,,37.522518,127.029732,13,1,9,1,25,0,50,2,13,14,47,11,신사동
158,압구정KCC,아파트,200408,WS,127.36,127.36,127.0,249,280000,280000,280000,0,0,,7288,7288,7288,0,0,,37.526148,127.03248,15,1,6,0,25,0,43,0,9,5,42,11,신사동
159,대림빌라트,아파트,199810,WS,209.6,209.6,209.0,251,0,0,,260000,300000,260000,0,0,,4112,4745,4112,37.530862,127.027124,3,0,1,0,25,0,9,0,0,3,34,11,신사동
160,논현힐스빌6차,아파트,200308,WS,231.14,231.14,231.0,149,300000,340000,300000,0,0,,4293,4866,4293,0,0,,37.517497,127.027543,7,0,5,1,25,0,22,1,6,12,29,11,신사동
161,래미안신사,아파트,200810,WS,113.06,113.06,113.0,206,220000,250000,235000,130000,160000,135000,6436,7314,6875,3803,4681,3949,37.520214,127.019841,9,0,7,1,25,0,37,1,8,11,24,11,신사동
162,잠원훼미리,아파트,199211,WS,102.47,103.17,102.0,0,235000,250000,250000,75000,90000,78000,7542,8102,8102,2431,2917,2528,37.5192,127.01462,7,0,3,0,22,0,8,0,2,3,9,10,신사동
163,한강,아파트,198906,WS,94.84,103.75,103.0,240,248000,300000,265000,75000,120000,95000,8024,9629,8505,2407,3851,3049,37.521491,127.015231,6,0,4,0,25,0,11,0,2,4,11,11,신사동
164,현대빌라트,아파트,199608,SS,203.03,203.03,203.0,237,580000,620000,600000,0,0,,9445,10096,9771,0,0,,37.530497,127.027349,3,1,2,0,25,0,13,0,0,3,34,11,신사동
165,현대썬앤빌(도시형),아파트,201502,SS,27.74,27.74,27.0,799,0,0,,22000,25000,24000,0,0,,2694,3061,2938,37.52112,127.031368,10,0,9,1,25,0,42,1,8,11,45,11,신사동
166,금광아크존(주상복합),아파트,200409,SS,86.38,86.38,86.0,279,140000,145000,140000,0,0,,5382,5574,5382,0,0,,37.526553,127.034579,10,0,5,0,25,0,27,0,6,4,39,11,신사동
167,현대썬앤빌,오피스텔,201502,SS,33.12,35.21,33.0,799,0,0,,23000,28000,26000,0,0,,2304,2805,2605,37.521102,127.031357,10,0,9,1,25,0,42,1,8,11,45,11,신사동
168,신반포16차,아파트,198301,SS,57.58,91.49,57.0,0,189000,270000,205000,39000,70000,43000,9808,15659,11889,2107,2900,2494,37.517509,127.00991,2,0,3,0,12,0,1,0,0,2,4,2,신사동
169,미주파스텔,아파트,200207,SS,70.91,104.68,104.0,324,180000,260000,260000,80000,112000,112000,7728,9445,8264,3338,4594,3560,37.517302,127.011022,4,0,3,0,14,0,1,0,0,2,5,2,신사동
170,미성2차,아파트,198712,SS,95.27,163.56,95.0,0,300000,550000,320000,79000,200000,95000,9025,11831,11135,2749,4056,3306,37.523985,127.019316,5,0,6,1,25,0,17,1,3,8,27,11,신사동
171,미성1차,아파트,198211,SS,111.97,193.03,163.0,93,380000,600000,550000,99000,230000,180000,9934,11763,11154,2948,4056,3651,37.525563,127.020506,6,0,4,1,25,0,20,2,2,8,30,11,신사동
172,토미,아파트,200403,SS,99.95,99.95,99.0,249,130000,130000,130000,0,0,,4341,4341,4341,0,0,,37.522252,127.029871,12,1,9,1,25,0,51,2,13,13,47,11,신사동
173,신사씨티빌,아파트,200201,SS,70.85,70.85,70.0,298,90000,90000,90000,0,0,,4250,4250,4250,0,0,,37.521059,127.020693,9,0,7,1,25,0,37,3,7,13,29,11,신사동
174,압구정아인빌,아파트,200705,SS,104.58,104.58,104.0,243,160000,180000,160000,0,0,,5086,5722,5086,0,0,,37.521481,127.029248,13,0,8,1,25,0,40,2,10,20,45,11,신사동
175,현대14차,아파트,198704,SS,96.49,99.48,99.0,194,420000,450000,440000,100000,120000,120000,14025,15496,14692,3339,4132,4007,37.530769,127.026253,2,0,1,0,25,0,8,0,0,3,34,11,신사동
176,잠원현대,아파트,199304,SS,103.77,103.77,103.0,299,225000,252000,245000,105000,120000,110000,7221,8088,7863,3370,3851,3530,37.51867,127.012904,4,0,3,0,21,0,4,0,1,3,6,8,신사동
177,"신현대(현대9,11,12차)",아파트,198205,SS,114.08,202.05,202.0,0,400000,700000,690000,89000,250000,240000,11292,11691,11292,2521,4091,3928,37.52811,127.024501,6,1,2,1,25,0,25,0,0,4,34,11,신사동
178,롯데캐슬갤럭시2차,아파트,200404,SS,128.98,168.28,153.0,299,300000,340000,340000,150000,200000,190000,6592,8713,7346,3241,4649,4105,37.518663,127.016434,7,0,4,0,24,0,16,1,2,6,10,10,신사동
179,래미안신반포리오센트,아파트,201906,SS,85.91,172.8,172.0,299,248000,440000,410000,200000,230000,,7592,10890,7880,5158,5800,,37.518478,127.013762,5,0,3,0,21,0,5,0,1,3,7,9,신사동
180,현대맨션,아파트,198012,SS,159.5,213.92,213.0,0,400000,550000,550000,0,0,,8316,9000,8536,0,0,,37.525034,127.029564,14,1,9,1,25,0,50,1,15,12,44,11,신사동
181,한양,아파트,200309,SS,82.32,82.32,82.0,221,120000,120000,120000,0,0,,4838,4838,4838,0,0,,37.52194,127.025905,14,0,7,1,25,0,51,2,9,17,44,11,신사동
182,현대아인빌,아파트,200403,SS,143.09,143.09,143.0,283,0,0,,110000,120000,110000,0,0,,2543,2774,2543,37.523727,127.026277,9,1,7,1,25,0,49,1,9,16,45,11,신사동
183,신성,아파트,199610,SS,72.11,72.11,72.0,195,170000,170000,170000,0,0,,7805,7805,7805,0,0,,37.526377,127.031877,14,1,6,0,25,0,44,0,10,7,41,11,신사동
184,진흥아마란스,아파트,200503,SS,197.77,197.77,197.0,294,280000,280000,280000,0,0,,4699,4699,4699,0,0,,37.523703,127.031052,13,1,10,1,25,0,57,1,10,9,44,11,신사동
185,현대13차,아파트,198407,SS,116.03,119.5,119.0,150,450000,460000,450000,90000,125000,100000,12501,13109,12501,2565,3562,2778,37.529279,127.027751,6,1,3,1,25,0,27,0,0,4,38,11,신사동
186,루덴하우스,아파트,200704,SS,102.33,102.33,102.0,222,0,0,,80000,80000,80000,0,0,,2593,2593,2593,37.521553,127.021599,9,0,7,1,25,0,38,3,7,17,31,11,신사동
187,한양6차,아파트,198012,SS,115.1,168.7,115.0,0,390000,590000,400000,84000,200000,90000,11211,11786,11498,2415,3935,2587,37.530082,127.036445,5,0,2,0,25,0,15,0,3,3,25,11,신사동
188,잠원상지리츠빌카일룸,아파트,200901,SS,204.64,204.64,204.0,229,550000,750000,675000,370000,370000,370000,8913,12154,10938,5996,5996,5996,37.522093,127.016049,7,0,5,1,25,0,12,1,1,6,15,11,신사동
189,압구정하이츠파크,아파트,200404,SS,270.55,270.55,270.0,297,600000,600000,600000,0,0,,7346,7346,7346,0,0,,37.523842,127.033697,10,0,7,0,25,0,38,0,3,5,43,11,신사동
190,강변,아파트,198707,SS,89.35,101.08,101.0,243,220000,270000,255000,65000,120000,110000,8117,8837,8346,2414,3928,3600,37.517893,127.012699,4,0,3,0,15,0,4,0,0,3,6,8,신사동
191,크레신타워,오피스텔,200402,SS,54.75,63.64,54.0,876,30500,35000,30900,20000,20000,20000,1784,1898,1892,1224,1224,1224,37.518229,127.018453,8,0,6,0,25,0,25,1,4,6,12,11,신사동
192,"현대6,7차",아파트,197809,SS,156.13,264.87,156.0,210,510000,800000,520000,145000,400000,175000,10695,12715,11019,2820,5458,3708,37.530219,127.028999,7,1,2,0,25,0,24,0,0,4,34,11,신사동
193,청학,아파트,197612,SS,87.15,99.65,87.0,220,230000,300000,250000,55000,59000,55000,7680,10018,9499,2090,2242,2090,37.520645,127.032822,10,0,7,0,25,0,32,0,8,8,43,11,신사동
194,잠원빌라트,아파트,199609,SS,261.23,261.23,261.0,241,0,0,,220000,220000,220000,0,0,,2786,2786,2786,37.518621,127.0114,4,0,3,0,14,0,1,0,0,3,5,2,신사동
195,세양에이팩스타워,오피스텔,200308,SS,48.89,60.96,48.0,880,30000,32000,30000,22000,22000,22000,1763,2066,2066,1515,1515,1515,37.518481,127.02604,7,0,6,1,25,0,29,2,10,15,35,11,신사동
196,강남상가아파트(주상복합),아파트,197411,SS,63.31,130.61,63.0,387,74000,150000,74500,33000,40000,34000,3814,4671,3909,1678,2034,1784,37.51879,127.02054,9,0,6,1,25,0,34,1,8,9,22,11,신사동
197,롯데캐슬갤럭시1차,아파트,200207,SS,140.41,171.98,140.0,312,310000,315000,315000,180000,185000,,7320,7438,7438,3480,3576,,37.520366,127.016502,9,0,5,1,25,0,17,1,3,6,11,11,신사동
198,장자울,아파트,200403,SS,106.23,106.23,106.0,280,170000,170000,170000,0,0,,5302,5302,5302,0,0,,37.522518,127.029732,13,1,9,1,25,0,50,2,13,14,47,11,신사동
199,압구정KCC,아파트,200408,SS,127.36,127.36,127.0,249,280000,280000,280000,0,0,,7288,7288,7288,0,0,,37.526148,127.03248,15,1,6,0,25,0,43,0,9,5,42,11,신사동
200,대림빌라트,아파트,199810,SS,209.6,209.6,209.0,251,0,0,,260000,300000,260000,0,0,,4112,4745,4112,37.530862,127.027124,3,0,1,0,25,0,9,0,0,3,34,11,신사동
201,논현힐스빌6차,아파트,200308,SS,231.14,231.14,231.0,149,300000,340000,300000,0,0,,4293,4866,4293,0,0,,37.517497,127.027543,7,0,5,1,25,0,22,1,6,12,29,11,신사동
202,래미안신사,아파트,200810,SS,113.06,113.06,113.0,206,220000,250000,235000,130000,160000,135000,6436,7314,6875,3803,4681,3949,37.520214,127.019841,9,0,7,1,25,0,37,1,8,11,24,11,신사동
203,잠원훼미리,아파트,199211,SS,102.47,103.17,102.0,0,235000,250000,250000,75000,90000,78000,7542,8102,8102,2431,2917,2528,37.5192,127.01462,7,0,3,0,22,0,8,0,2,3,9,10,신사동
204,한강,아파트,198906,SS,94.84,103.75,103.0,240,248000,300000,265000,75000,120000,95000,8024,9629,8505,2407,3851,3049,37.521491,127.015231,6,0,4,0,25,0,11,0,2,4,11,11,신사동
205,현대빌라트,아파트,199608,EN,203.03,203.03,203.0,237,580000,620000,600000,0,0,,9445,10096,9771,0,0,,37.530497,127.027349,3,1,2,0,25,0,13,0,0,3,34,11,신사동
206,현대썬앤빌(도시형),아파트,201502,EN,27.74,27.74,27.0,799,0,0,,22000,25000,24000,0,0,,2694,3061,2938,37.52112,127.031368,10,0,9,1,25,0,42,1,8,11,45,11,신사동
207,금광아크존(주상복합),아파트,200409,EN,86.38,86.38,86.0,279,140000,145000,140000,0,0,,5382,5574,5382,0,0,,37.526553,127.034579,10,0,5,0,25,0,27,0,6,4,39,11,신사동
208,현대썬앤빌,오피스텔,201502,EN,33.12,35.21,33.0,799,0,0,,23000,28000,26000,0,0,,2304,2805,2605,37.521102,127.031357,10,0,9,1,25,0,42,1,8,11,45,11,신사동
209,신반포16차,아파트,198301,EN,57.58,91.49,57.0,0,189000,270000,205000,39000,70000,43000,9808,15659,11889,2107,2900,2494,37.517509,127.00991,2,0,3,0,12,0,1,0,0,2,4,2,신사동
210,미주파스텔,아파트,200207,EN,70.91,104.68,104.0,324,180000,260000,260000,80000,112000,112000,7728,9445,8264,3338,4594,3560,37.517302,127.011022,4,0,3,0,14,0,1,0,0,2,5,2,신사동
211,미성2차,아파트,198712,EN,95.27,163.56,95.0,0,300000,550000,320000,79000,200000,95000,9025,11831,11135,2749,4056,3306,37.523985,127.019316,5,0,6,1,25,0,17,1,3,8,27,11,신사동
212,미성1차,아파트,198211,EN,111.97,193.03,163.0,93,380000,600000,550000,99000,230000,180000,9934,11763,11154,2948,4056,3651,37.525563,127.020506,6,0,4,1,25,0,20,2,2,8,30,11,신사동
213,토미,아파트,200403,EN,99.95,99.95,99.0,249,130000,130000,130000,0,0,,4341,4341,4341,0,0,,37.522252,127.029871,12,1,9,1,25,0,51,2,13,13,47,11,신사동
214,신사씨티빌,아파트,200201,EN,70.85,70.85,70.0,298,90000,90000,90000,0,0,,4250,4250,4250,0,0,,37.521059,127.020693,9,0,7,1,25,0,37,3,7,13,29,11,신사동
215,압구정아인빌,아파트,200705,EN,104.58,104.58,104.0,243,160000,180000,160000,0,0,,5086,5722,5086,0,0,,37.521481,127.029248,13,0,8,1,25,0,40,2,10,20,45,11,신사동
216,현대14차,아파트,198704,EN,96.49,99.48,99.0,194,420000,450000,440000,100000,120000,120000,14025,15496,14692,3339,4132,4007,37.530769,127.026253,2,0,1,0,25,0,8,0,0,3,34,11,신사동
217,잠원현대,아파트,199304,EN,103.77,103.77,103.0,299,225000,252000,245000,105000,120000,110000,7221,8088,7863,3370,3851,3530,37.51867,127.012904,4,0,3,0,21,0,4,0,1,3,6,8,신사동
218,"신현대(현대9,11,12차)",아파트,198205,EN,114.08,202.05,202.0,0,400000,700000,690000,89000,250000,240000,11292,11691,11292,2521,4091,3928,37.52811,127.024501,6,1,2,1,25,0,25,0,0,4,34,11,신사동
219,롯데캐슬갤럭시2차,아파트,200404,EN,128.98,168.28,153.0,299,300000,340000,340000,150000,200000,190000,6592,8713,7346,3241,4649,4105,37.518663,127.016434,7,0,4,0,24,0,16,1,2,6,10,10,신사동
220,래미안신반포리오센트,아파트,201906,EN,85.91,172.8,172.0,299,248000,440000,410000,200000,230000,,7592,10890,7880,5158,5800,,37.518478,127.013762,5,0,3,0,21,0,5,0,1,3,7,9,신사동
221,현대맨션,아파트,198012,EN,159.5,213.92,213.0,0,400000,550000,550000,0,0,,8316,9000,8536,0,0,,37.525034,127.029564,14,1,9,1,25,0,50,1,15,12,44,11,신사동
222,한양,아파트,200309,EN,82.32,82.32,82.0,221,120000,120000,120000,0,0,,4838,4838,4838,0,0,,37.52194,127.025905,14,0,7,1,25,0,51,2,9,17,44,11,신사동
223,현대아인빌,아파트,200403,EN,143.09,143.09,143.0,283,0,0,,110000,120000,110000,0,0,,2543,2774,2543,37.523727,127.026277,9,1,7,1,25,0,49,1,9,16,45,11,신사동
224,신성,아파트,199610,EN,72.11,72.11,72.0,195,170000,170000,170000,0,0,,7805,7805,7805,0,0,,37.526377,127.031877,14,1,6,0,25,0,44,0,10,7,41,11,신사동
225,진흥아마란스,아파트,200503,EN,197.77,197.77,197.0,294,280000,280000,280000,0,0,,4699,4699,4699,0,0,,37.523703,127.031052,13,1,10,1,25,0,57,1,10,9,44,11,신사동
226,현대13차,아파트,198407,EN,116.03,119.5,119.0,150,450000,460000,450000,90000,125000,100000,12501,13109,12501,2565,3562,2778,37.529279,127.027751,6,1,3,1,25,0,27,0,0,4,38,11,신사동
227,루덴하우스,아파트,200704,EN,102.33,102.33,102.0,222,0,0,,80000,80000,80000,0,0,,2593,2593,2593,37.521553,127.021599,9,0,7,1,25,0,38,3,7,17,31,11,신사동
228,한양6차,아파트,198012,EN,115.1,168.7,115.0,0,390000,590000,400000,84000,200000,90000,11211,11786,11498,2415,3935,2587,37.530082,127.036445,5,0,2,0,25,0,15,0,3,3,25,11,신사동
229,잠원상지리츠빌카일룸,아파트,200901,EN,204.64,204.64,204.0,229,550000,750000,675000,370000,370000,370000,8913,12154,10938,5996,5996,5996,37.522093,127.016049,7,0,5,1,25,0,12,1,1,6,15,11,신사동
230,압구정하이츠파크,아파트,200404,EN,270.55,270.55,270.0,297,600000,600000,600000,0,0,,7346,7346,7346,0,0,,37.523842,127.033697,10,0,7,0,25,0,38,0,3,5,43,11,신사동
231,강변,아파트,198707,EN,89.35,101.08,101.0,243,220000,270000,255000,65000,120000,110000,8117,8837,8346,2414,3928,3600,37.517893,127.012699,4,0,3,0,15,0,4,0,0,3,6,8,신사동
232,크레신타워,오피스텔,200402,EN,54.75,63.64,54.0,876,30500,35000,30900,20000,20000,20000,1784,1898,1892,1224,1224,1224,37.518229,127.018453,8,0,6,0,25,0,25,1,4,6,12,11,신사동
233,"현대6,7차",아파트,197809,EN,156.13,264.87,156.0,210,510000,800000,520000,145000,400000,175000,10695,12715,11019,2820,5458,3708,37.530219,127.028999,7,1,2,0,25,0,24,0,0,4,34,11,신사동
234,청학,아파트,197612,EN,87.15,99.65,87.0,220,230000,300000,250000,55000,59000,55000,7680,10018,9499,2090,2242,2090,37.520645,127.032822,10,0,7,0,25,0,32,0,8,8,43,11,신사동
235,잠원빌라트,아파트,199609,EN,261.23,261.23,261.0,241,0,0,,220000,220000,220000,0,0,,2786,2786,2786,37.518621,127.0114,4,0,3,0,14,0,1,0,0,3,5,2,신사동
236,세양에이팩스타워,오피스텔,200308,EN,48.89,60.96,48.0,880,30000,32000,30000,22000,22000,22000,1763,2066,2066,1515,1515,1515,37.518481,127.02604,7,0,6,1,25,0,29,2,10,15,35,11,신사동
237,강남상가아파트(주상복합),아파트,197411,EN,63.31,130.61,63.0,387,74000,150000,74500,33000,40000,34000,3814,4671,3909,1678,2034,1784,37.51879,127.02054,9,0,6,1,25,0,34,1,8,9,22,11,신사동
238,롯데캐슬갤럭시1차,아파트,200207,EN,140.41,171.98,140.0,312,310000,315000,315000,180000,185000,,7320,7438,7438,3480,3576,,37.520366,127.016502,9,0,5,1,25,0,17,1,3,6,11,11,신사동
239,장자울,아파트,200403,EN,106.23,106.23,106.0,280,170000,170000,170000,0,0,,5302,5302,5302,0,0,,37.522518,127.029732,13,1,9,1,25,0,50,2,13,14,47,11,신사동
240,압구정KCC,아파트,200408,EN,127.36,127.36,127.0,249,280000,280000,280000,0,0,,7288,7288,7288,0,0,,37.526148,127.03248,15,1,6,0,25,0,43,0,9,5,42,11,신사동
241,대림빌라트,아파트,199810,EN,209.6,209.6,209.0,251,0,0,,260000,300000,260000,0,0,,4112,4745,4112,37.530862,127.027124,3,0,1,0,25,0,9,0,0,3,34,11,신사동
242,논현힐스빌6차,아파트,200308,EN,231.14,231.14,231.0,149,300000,340000,300000,0,0,,4293,4866,4293,0,0,,37.517497,127.027543,7,0,5,1,25,0,22,1,6,12,29,11,신사동
243,래미안신사,아파트,200810,EN,113.06,113.06,113.0,206,220000,250000,235000,130000,160000,135000,6436,7314,6875,3803,4681,3949,37.520214,127.019841,9,0,7,1,25,0,37,1,8,11,24,11,신사동
244,잠원훼미리,아파트,199211,EN,102.47,103.17,102.0,0,235000,250000,250000,75000,90000,78000,7542,8102,8102,2431,2917,2528,37.5192,127.01462,7,0,3,0,22,0,8,0,2,3,9,10,신사동
245,한강,아파트,198906,EN,94.84,103.75,103.0,240,248000,300000,265000,75000,120000,95000,8024,9629,8505,2407,3851,3049,37.521491,127.015231,6,0,4,0,25,0,11,0,2,4,11,11,신사동
246,현대빌라트,아파트,199608,NN,203.03,203.03,203.0,237,580000,620000,600000,0,0,,9445,10096,9771,0,0,,37.530497,127.027349,3,1,2,0,25,0,13,0,0,3,34,11,신사동
247,현대썬앤빌(도시형),아파트,201502,NN,27.74,27.74,27.0,799,0,0,,22000,25000,24000,0,0,,2694,3061,2938,37.52112,127.031368,10,0,9,1,25,0,42,1,8,11,45,11,신사동
248,금광아크존(주상복합),아파트,200409,NN,86.38,86.38,86.0,279,140000,145000,140000,0,0,,5382,5574,5382,0,0,,37.526553,127.034579,10,0,5,0,25,0,27,0,6,4,39,11,신사동
249,현대썬앤빌,오피스텔,201502,NN,33.12,35.21,33.0,799,0,0,,23000,28000,26000,0,0,,2304,2805,2605,37.521102,127.031357,10,0,9,1,25,0,42,1,8,11,45,11,신사동
250,신반포16차,아파트,198301,NN,57.58,91.49,57.0,0,189000,270000,205000,39000,70000,43000,9808,15659,11889,2107,2900,2494,37.517509,127.00991,2,0,3,0,12,0,1,0,0,2,4,2,신사동
251,미주파스텔,아파트,200207,NN,70.91,104.68,104.0,324,180000,260000,260000,80000,112000,112000,7728,9445,8264,3338,4594,3560,37.517302,127.011022,4,0,3,0,14,0,1,0,0,2,5,2,신사동
252,미성2차,아파트,198712,NN,95.27,163.56,95.0,0,300000,550000,320000,79000,200000,95000,9025,11831,11135,2749,4056,3306,37.523985,127.019316,5,0,6,1,25,0,17,1,3,8,27,11,신사동
253,미성1차,아파트,198211,NN,111.97,193.03,163.0,93,380000,600000,550000,99000,230000,180000,9934,11763,11154,2948,4056,3651,37.525563,127.020506,6,0,4,1,25,0,20,2,2,8,30,11,신사동
254,토미,아파트,200403,NN,99.95,99.95,99.0,249,130000,130000,130000,0,0,,4341,4341,4341,0,0,,37.522252,127.029871,12,1,9,1,25,0,51,2,13,13,47,11,신사동
255,신사씨티빌,아파트,200201,NN,70.85,70.85,70.0,298,90000,90000,90000,0,0,,4250,4250,4250,0,0,,37.521059,127.020693,9,0,7,1,25,0,37,3,7,13,29,11,신사동
256,압구정아인빌,아파트,200705,NN,104.58,104.58,104.0,243,160000,180000,160000,0,0,,5086,5722,5086,0,0,,37.521481,127.029248,13,0,8,1,25,0,40,2,10,20,45,11,신사동
257,현대14차,아파트,198704,NN,96.49,99.48,99.0,194,420000,450000,440000,100000,120000,120000,14025,15496,14692,3339,4132,4007,37.530769,127.026253,2,0,1,0,25,0,8,0,0,3,34,11,신사동
258,잠원현대,아파트,199304,NN,103.77,103.77,103.0,299,225000,252000,245000,105000,120000,110000,7221,8088,7863,3370,3851,3530,37.51867,127.012904,4,0,3,0,21,0,4,0,1,3,6,8,신사동
259,"신현대(현대9,11,12차)",아파트,198205,NN,114.08,202.05,202.0,0,400000,700000,690000,89000,250000,240000,11292,11691,11292,2521,4091,3928,37.52811,127.024501,6,1,2,1,25,0,25,0,0,4,34,11,신사동
260,롯데캐슬갤럭시2차,아파트,200404,NN,128.98,168.28,153.0,299,300000,340000,340000,150000,200000,190000,6592,8713,7346,3241,4649,4105,37.518663,127.016434,7,0,4,0,24,0,16,1,2,6,10,10,신사동
261,래미안신반포리오센트,아파트,201906,NN,85.91,172.8,172.0,299,248000,440000,410000,200000,230000,,7592,10890,7880,5158,5800,,37.518478,127.013762,5,0,3,0,21,0,5,0,1,3,7,9,신사동
262,현대맨션,아파트,198012,NN,159.5,213.92,213.0,0,400000,550000,550000,0,0,,8316,9000,8536,0,0,,37.525034,127.029564,14,1,9,1,25,0,50,1,15,12,44,11,신사동
263,한양,아파트,200309,NN,82.32,82.32,82.0,221,120000,120000,120000,0,0,,4838,4838,4838,0,0,,37.52194,127.025905,14,0,7,1,25,0,51,2,9,17,44,11,신사동
264,현대아인빌,아파트,200403,NN,143.09,143.09,143.0,283,0,0,,110000,120000,110000,0,0,,2543,2774,2543,37.523727,127.026277,9,1,7,1,25,0,49,1,9,16,45,11,신사동
265,신성,아파트,199610,NN,72.11,72.11,72.0,195,170000,170000,170000,0,0,,7805,7805,7805,0,0,,37.526377,127.031877,14,1,6,0,25,0,44,0,10,7,41,11,신사동
266,진흥아마란스,아파트,200503,NN,197.77,197.77,197.0,294,280000,280000,280000,0,0,,4699,4699,4699,0,0,,37.523703,127.031052,13,1,10,1,25,0,57,1,10,9,44,11,신사동
267,현대13차,아파트,198407,NN,116.03,119.5,119.0,150,450000,460000,450000,90000,125000,100000,12501,13109,12501,2565,3562,2778,37.529279,127.027751,6,1,3,1,25,0,27,0,0,4,38,11,신사동
268,루덴하우스,아파트,200704,NN,102.33,102.33,102.0,222,0,0,,80000,80000,80000,0,0,,2593,2593,2593,37.521553,127.021599,9,0,7,1,25,0,38,3,7,17,31,11,신사동
269,한양6차,아파트,198012,NN,115.1,168.7,115.0,0,390000,590000,400000,84000,200000,90000,11211,11786,11498,2415,3935,2587,37.530082,127.036445,5,0,2,0,25,0,15,0,3,3,25,11,신사동
270,잠원상지리츠빌카일룸,아파트,200901,NN,204.64,204.64,204.0,229,550000,750000,675000,370000,370000,370000,8913,12154,10938,5996,5996,5996,37.522093,127.016049,7,0,5,1,25,0,12,1,1,6,15,11,신사동
271,압구정하이츠파크,아파트,200404,NN,270.55,270.55,270.0,297,600000,600000,600000,0,0,,7346,7346,7346,0,0,,37.523842,127.033697,10,0,7,0,25,0,38,0,3,5,43,11,신사동
272,강변,아파트,198707,NN,89.35,101.08,101.0,243,220000,270000,255000,65000,120000,110000,8117,8837,8346,2414,3928,3600,37.517893,127.012699,4,0,3,0,15,0,4,0,0,3,6,8,신사동
273,크레신타워,오피스텔,200402,NN,54.75,63.64,54.0,876,30500,35000,30900,20000,20000,20000,1784,1898,1892,1224,1224,1224,37.518229,127.018453,8,0,6,0,25,0,25,1,4,6,12,11,신사동
274,"현대6,7차",아파트,197809,NN,156.13,264.87,156.0,210,510000,800000,520000,145000,400000,175000,10695,12715,11019,2820,5458,3708,37.530219,127.028999,7,1,2,0,25,0,24,0,0,4,34,11,신사동
275,청학,아파트,197612,NN,87.15,99.65,87.0,220,230000,300000,250000,55000,59000,55000,7680,10018,9499,2090,2242,2090,37.520645,127.032822,10,0,7,0,25,0,32,0,8,8,43,11,신사동
276,잠원빌라트,아파트,199609,NN,261.23,261.23,261.0,241,0,0,,220000,220000,220000,0,0,,2786,2786,2786,37.518621,127.0114,4,0,3,0,14,0,1,0,0,3,5,2,신사동
277,세양에이팩스타워,오피스텔,200308,NN,48.89,60.96,48.0,880,30000,32000,30000,22000,22000,22000,1763,2066,2066,1515,1515,1515,37.518481,127.02604,7,0,6,1,25,0,29,2,10,15,35,11,신사동
278,강남상가아파트(주상복합),아파트,197411,NN,63.31,130.61,63.0,387,74000,150000,74500,33000,40000,34000,3814,4671,3909,1678,2034,1784,37.51879,127.02054,9,0,6,1,25,0,34,1,8,9,22,11,신사동
279,롯데캐슬갤럭시1차,아파트,200207,NN,140.41,171.98,140.0,312,310000,315000,315000,180000,185000,,7320,7438,7438,3480,3576,,37.520366,127.016502,9,0,5,1,25,0,17,1,3,6,11,11,신사동
280,장자울,아파트,200403,NN,106.23,106.23,106.0,280,170000,170000,170000,0,0,,5302,5302,5302,0,0,,37.522518,127.029732,13,1,9,1,25,0,50,2,13,14,47,11,신사동
281,압구정KCC,아파트,200408,NN,127.36,127.36,127.0,249,280000,280000,280000,0,0,,7288,7288,7288,0,0,,37.526148,127.03248,15,1,6,0,25,0,43,0,9,5,42,11,신사동
282,대림빌라트,아파트,199810,NN,209.6,209.6,209.0,251,0,0,,260000,300000,260000,0,0,,4112,4745,4112,37.530862,127.027124,3,0,1,0,25,0,9,0,0,3,34,11,신사동
283,논현힐스빌6차,아파트,200308,NN,231.14,231.14,231.0,149,300000,340000,300000,0,0,,4293,4866,4293,0,0,,37.517497,127.027543,7,0,5,1,25,0,22,1,6,12,29,11,신사동
284,래미안신사,아파트,200810,NN,113.06,113.06,113.0,206,220000,250000,235000,130000,160000,135000,6436,7314,6875,3803,4681,3949,37.520214,127.019841,9,0,7,1,25,0,37,1,8,11,24,11,신사동
285,잠원훼미리,아파트,199211,NN,102.47,103.17,102.0,0,235000,250000,250000,75000,90000,78000,7542,8102,8102,2431,2917,2528,37.5192,127.01462,7,0,3,0,22,0,8,0,2,3,9,10,신사동
286,한강,아파트,198906,NN,94.84,103.75,103.0,240,248000,300000,265000,75000,120000,95000,8024,9629,8505,2407,3851,3049,37.521491,127.015231,6,0,4,0,25,0,11,0,2,4,11,11,신사동
287,현대빌라트,아파트,199608,WN,203.03,203.03,203.0,237,580000,620000,600000,0,0,,9445,10096,9771,0,0,,37.530497,127.027349,3,1,2,0,25,0,13,0,0,3,34,11,신사동
288,현대썬앤빌(도시형),아파트,201502,WN,27.74,27.74,27.0,799,0,0,,22000,25000,24000,0,0,,2694,3061,2938,37.52112,127.031368,10,0,9,1,25,0,42,1,8,11,45,11,신사동
289,금광아크존(주상복합),아파트,200409,WN,86.38,86.38,86.0,279,140000,145000,140000,0,0,,5382,5574,5382,0,0,,37.526553,127.034579,10,0,5,0,25,0,27,0,6,4,39,11,신사동
290,현대썬앤빌,오피스텔,201502,WN,33.12,35.21,33.0,799,0,0,,23000,28000,26000,0,0,,2304,2805,2605,37.521102,127.031357,10,0,9,1,25,0,42,1,8,11,45,11,신사동
291,신반포16차,아파트,198301,WN,57.58,91.49,57.0,0,189000,270000,205000,39000,70000,43000,9808,15659,11889,2107,2900,2494,37.517509,127.00991,2,0,3,0,12,0,1,0,0,2,4,2,신사동
292,미주파스텔,아파트,200207,WN,70.91,104.68,104.0,324,180000,260000,260000,80000,112000,112000,7728,9445,8264,3338,4594,3560,37.517302,127.011022,4,0,3,0,14,0,1,0,0,2,5,2,신사동
293,미성2차,아파트,198712,WN,95.27,163.56,95.0,0,300000,550000,320000,79000,200000,95000,9025,11831,11135,2749,4056,3306,37.523985,127.019316,5,0,6,1,25,0,17,1,3,8,27,11,신사동
294,미성1차,아파트,198211,WN,111.97,193.03,163.0,93,380000,600000,550000,99000,230000,180000,9934,11763,11154,2948,4056,3651,37.525563,127.020506,6,0,4,1,25,0,20,2,2,8,30,11,신사동
295,토미,아파트,200403,WN,99.95,99.95,99.0,249,130000,130000,130000,0,0,,4341,4341,4341,0,0,,37.522252,127.029871,12,1,9,1,25,0,51,2,13,13,47,11,신사동
296,신사씨티빌,아파트,200201,WN,70.85,70.85,70.0,298,90000,90000,90000,0,0,,4250,4250,4250,0,0,,37.521059,127.020693,9,0,7,1,25,0,37,3,7,13,29,11,신사동
297,압구정아인빌,아파트,200705,WN,104.58,104.58,104.0,243,160000,180000,160000,0,0,,5086,5722,5086,0,0,,37.521481,127.029248,13,0,8,1,25,0,40,2,10,20,45,11,신사동
298,현대14차,아파트,198704,WN,96.49,99.48,99.0,194,420000,450000,440000,100000,120000,120000,14025,15496,14692,3339,4132,4007,37.530769,127.026253,2,0,1,0,25,0,8,0,0,3,34,11,신사동
299,잠원현대,아파트,199304,WN,103.77,103.77,103.0,299,225000,252000,245000,105000,120000,110000,7221,8088,7863,3370,3851,3530,37.51867,127.012904,4,0,3,0,21,0,4,0,1,3,6,8,신사동
300,"신현대(현대9,11,12차)",아파트,198205,WN,114.08,202.05,202.0,0,400000,700000,690000,89000,250000,240000,11292,11691,11292,2521,4091,3928,37.52811,127.024501,6,1,2,1,25,0,25,0,0,4,34,11,신사동
301,롯데캐슬갤럭시2차,아파트,200404,WN,128.98,168.28,153.0,299,300000,340000,340000,150000,200000,190000,6592,8713,7346,3241,4649,4105,37.518663,127.016434,7,0,4,0,24,0,16,1,2,6,10,10,신사동
302,래미안신반포리오센트,아파트,201906,WN,85.91,172.8,172.0,299,248000,440000,410000,200000,230000,,7592,10890,7880,5158,5800,,37.518478,127.013762,5,0,3,0,21,0,5,0,1,3,7,9,신사동
303,현대맨션,아파트,198012,WN,159.5,213.92,213.0,0,400000,550000,550000,0,0,,8316,9000,8536,0,0,,37.525034,127.029564,14,1,9,1,25,0,50,1,15,12,44,11,신사동
304,한양,아파트,200309,WN,82.32,82.32,82.0,221,120000,120000,120000,0,0,,4838,4838,4838,0,0,,37.52194,127.025905,14,0,7,1,25,0,51,2,9,17,44,11,신사동
305,현대아인빌,아파트,200403,WN,143.09,143.09,143.0,283,0,0,,110000,120000,110000,0,0,,2543,2774,2543,37.523727,127.026277,9,1,7,1,25,0,49,1,9,16,45,11,신사동
306,신성,아파트,199610,WN,72.11,72.11,72.0,195,170000,170000,170000,0,0,,7805,7805,7805,0,0,,37.526377,127.031877,14,1,6,0,25,0,44,0,10,7,41,11,신사동
307,진흥아마란스,아파트,200503,WN,197.77,197.77,197.0,294,280000,280000,280000,0,0,,4699,4699,4699,0,0,,37.523703,127.031052,13,1,10,1,25,0,57,1,10,9,44,11,신사동
308,현대13차,아파트,198407,WN,116.03,119.5,119.0,150,450000,460000,450000,90000,125000,100000,12501,13109,12501,2565,3562,2778,37.529279,127.027751,6,1,3,1,25,0,27,0,0,4,38,11,신사동
309,루덴하우스,아파트,200704,WN,102.33,102.33,102.0,222,0,0,,80000,80000,80000,0,0,,2593,2593,2593,37.521553,127.021599,9,0,7,1,25,0,38,3,7,17,31,11,신사동
310,한양6차,아파트,198012,WN,115.1,168.7,115.0,0,390000,590000,400000,84000,200000,90000,11211,11786,11498,2415,3935,2587,37.530082,127.036445,5,0,2,0,25,0,15,0,3,3,25,11,신사동
311,잠원상지리츠빌카일룸,아파트,200901,WN,204.64,204.64,204.0,229,550000,750000,675000,370000,370000,370000,8913,12154,10938,5996,5996,5996,37.522093,127.016049,7,0,5,1,25,0,12,1,1,6,15,11,신사동
312,압구정하이츠파크,아파트,200404,WN,270.55,270.55,270.0,297,600000,600000,600000,0,0,,7346,7346,7346,0,0,,37.523842,127.033697,10,0,7,0,25,0,38,0,3,5,43,11,신사동
313,강변,아파트,198707,WN,89.35,101.08,101.0,243,220000,270000,255000,65000,120000,110000,8117,8837,8346,2414,3928,3600,37.517893,127.012699,4,0,3,0,15,0,4,0,0,3,6,8,신사동
314,크레신타워,오피스텔,200402,WN,54.75,63.64,54.0,876,30500,35000,30900,20000,20000,20000,1784,1898,1892,1224,1224,1224,37.518229,127.018453,8,0,6,0,25,0,25,1,4,6,12,11,신사동
315,"현대6,7차",아파트,197809,WN,156.13,264.87,156.0,210,510000,800000,520000,145000,400000,175000,10695,12715,11019,2820,5458,3708,37.530219,127.028999,7,1,2,0,25,0,24,0,0,4,34,11,신사동
316,청학,아파트,197612,WN,87.15,99.65,87.0,220,230000,300000,250000,55000,59000,55000,7680,10018,9499,2090,2242,2090,37.520645,127.032822,10,0,7,0,25,0,32,0,8,8,43,11,신사동
317,잠원빌라트,아파트,199609,WN,261.23,261.23,261.0,241,0,0,,220000,220000,220000,0,0,,2786,2786,2786,37.518621,127.0114,4,0,3,0,14,0,1,0,0,3,5,2,신사동
318,세양에이팩스타워,오피스텔,200308,WN,48.89,60.96,48.0,880,30000,32000,30000,22000,22000,22000,1763,2066,2066,1515,1515,1515,37.518481,127.02604,7,0,6,1,25,0,29,2,10,15,35,11,신사동
319,강남상가아파트(주상복합),아파트,197411,WN,63.31,130.61,63.0,387,74000,150000,74500,33000,40000,34000,3814,4671,3909,1678,2034,1784,37.51879,127.02054,9,0,6,1,25,0,34,1,8,9,22,11,신사동
320,롯데캐슬갤럭시1차,아파트,200207,WN,140.41,171.98,140.0,312,310000,315000,315000,180000,185000,,7320,7438,7438,3480,3576,,37.520366,127.016502,9,0,5,1,25,0,17,1,3,6,11,11,신사동
321,장자울,아파트,200403,WN,106.23,106.23,106.0,280,170000,170000,170000,0,0,,5302,5302,5302,0,0,,37.522518,127.029732,13,1,9,1,25,0,50,2,13,14,47,11,신사동
322,압구정KCC,아파트,200408,WN,127.36,127.36,127.0,249,280000,280000,280000,0,0,,7288,7288,7288,0,0,,37.526148,127.03248,15,1,6,0,25,0,43,0,9,5,42,11,신사동
323,대림빌라트,아파트,199810,WN,209.6,209.6,209.0,251,0,0,,260000,300000,260000,0,0,,4112,4745,4112,37.530862,127.027124,3,0,1,0,25,0,9,0,0,3,34,11,신사동
324,논현힐스빌6차,아파트,200308,WN,231.14,231.14,231.0,149,300000,340000,300000,0,0,,4293,4866,4293,0,0,,37.517497,127.027543,7,0,5,1,25,0,22,1,6,12,29,11,신사동
325,래미안신사,아파트,200810,WN,113.06,113.06,113.0,206,220000,250000,235000,130000,160000,135000,6436,7314,6875,3803,4681,3949,37.520214,127.019841,9,0,7,1,25,0,37,1,8,11,24,11,신사동
326,잠원훼미리,아파트,199211,WN,102.47,103.17,102.0,0,235000,250000,250000,75000,90000,78000,7542,8102,8102,2431,2917,2528,37.5192,127.01462,7,0,3,0,22,0,8,0,2,3,9,10,신사동
327,한강,아파트,198906,WN,94.84,103.75,103.0,240,248000,300000,265000,75000,120000,95000,8024,9629,8505,2407,3851,3049,37.521491,127.015231,6,0,4,0,25,0,11,0,2,4,11,11,신사동
